https://somascodeco.business.site/,Address,Phone Numbers
https://binariozero.business.site/,"Piazza San Paolo, 4
13900 Biella BI
Italia","+39-015-099-0996, 015 099 0996"
https://medicalconsultoriosmedicos.business.site/,"General José María Paz Este 32 5400
J5402 San Juan
Argentina","+54-264-422-0440, 0264 422-0440"
https://bsthaimassage.business.site/,"No.17-G
Taman, Jalan Kota 1
Cahaya Kota Puteri
81750 Masai
Johor
马来西亚","+60-14-352-4296, 014-352 4296"
https://jojoesdialapizzakebab.business.site/,"362 Middleton Road
Albany WA 6330
Australia","+61-8-9842-6000, (08) 9842 6000"
https://lostlove.business.site/,"25173台灣新北市公明街58號
1-3樓","+886-2-2623-3140, 02 2623 3140"
https://whitemountainbagel.business.site/,"25 Main Street
Lincoln, NH 03251
USA","+1-603-745-8576, (603) 745-8576"
https://foamtek.business.site/,"المجاورة الثالثة - المنطقة الصناعية الخامسة‎
الشرقية 44634‎
مصر‎","+20-10-97877992, 010 97877992"
https://tonchibo.business.site/,"日本
〒350-1245 埼玉県日高市大字栗坪２６−４６","+81-90-6304-1018, 090-6304-1018"
https://fnkpizzakitchen.business.site/,"Chase Up Forks n Knives
Pace N Pace
ملتان, 66000‎
Pakistan","+92-311-1463463, 0311 1463463, (061) 6221901, (061) 6221902"
https://ristoranteilborgo.business.site/,"di
Via Maggiore, 17
26025 Gradella CR
Italia","+39-0373-970901, 0373 970901"
https://372dongbeijzw.business.site/,"386 Geylang Road
Singapore 389386","+65-6748-5250, 6748 5250, 6745 2328, 8942 7470"
https://kilicevi.business.site/,"Yatağan Mh
H.Bekir Altıntaş Cad 24/4
20430 Serinhisar/Denizli
Türkiye","+90-539-730-11-90, 0539 730 11 90"
https://moktisgulaapongbertamputra.business.site/,"96, Jalan Bertam Putra 1
Taman Bertam Putra
76450 Melaka
Malaysia","+60-14-300-6850, 014-300 6850"
https://linkousmileent.business.site/,"244015台灣新北市林口區文化三路一段421號
1F","+886-2-2600-0515, 02 2600 0515"
https://kaikaidessert.business.site/,110台灣台北市基隆路一段145-2號,"+886-2-2769-7998, 02 2769 7998"
https://youandmephotographymy.business.site/,"30-30A
32A, Jalan Kebudayaan 6
Taman Universiti
81300 Skudai
Johor
Malaysia","+60-12-226-3389, 012-226 3389"
https://theburgerproject.business.site/,"Budapest
István út 5
1043
Magyarország","+36-20-260-3223, 06 20 260 3223"
https://lavecchialocanda.business.site/,"Via di Pietra Porzia, 32
00044 Frascati RM
Italia","+39-393-889-1264, 393 889 1264"
https://nkdonut.business.site/,"189
30-33 ซอย จรัญสนิทวงศ์ 29
บางขุนศรี เขต บางกอกน้อย
กรุงเทพมหานคร 10700
ประเทศไทย","+66-98-269-9829, 098 269 9829, 02 412 7253"
https://aisorashi.business.site/,"日本
〒920-0831 石川県金沢市東山１丁目３−３８","+81-80-7796-4583, 080-7796-4583"
https://kimshome.business.site/,"2940 West Olympic Boulevard
Los Angeles, CA 90006
미국","+1-213-386-4882, (213) 386-4882"
https://domekkata.business.site/,"Ratuszowa 1
78-100 Kołobrzeg
Polska","+48-94-354-66-35, 94 354 66 35, 501 722 134"
https://legacypalacehyderabad.business.site/,"19-4-430/6/A/B, Circle
Tad Bun
Hyderabad, Telangana 500064
India","+91-90149-21881, 090149 21881"
https://carstester.business.site/,"20 Toman bay مصر الجديده تقاطع جسر السويس مع روكسي شارع طومان باي‎
رقم 20‎
محافظة القاهرة‬‎
مصر‎","+20-10-18518599, 010 18518599, 011 58588444"
https://restauracialesnica.business.site/,"Prešovská 56/9
055 01 Margecany
Slovensko","+421-917-498-636, 0917 498 636, 0910 365 254"
https://pinoburger.business.site/,"Calle Maclovio Herrera 2344
Centro
88000 Nuevo Laredo, Tamps.
México","+52-867-712-9470, 867 712 9470, 867 154 8515, 867 712 2933"
https://trimedichctamandesa.business.site/,"No.25, Jalan 109E
Taman Desa
Off, Jalan Klang Lama
Desa Business Park
58100 Kuala Lumpur
Malaysia","+60-3-7971-2680, 03-7971 2680"
https://taeyangsung.business.site/,"Neo Soho Mall
Jalan Letjen S. Parman No.28 Lower Ground Level
RT.3/RW.5
Tanjung Duren Selatan
Kecamatan Grogol petamburan
Kota Jakarta Barat
Daerah Khusus Ibukota Jakarta 11470
Indonesia","+62-21-27893430, (021) 27893430"
https://ciboitaliano.business.site/,"428 River Valley Road
#01-01/2
Singapore 248327","+65-6385-1310, 6385 1310"
https://thecrazynoodle.business.site/,"2015 Madison Avenue
Memphis, TN 38104
USA","+1-901-272-0928, (901) 272-0928"
https://londoncoffeestation.business.site/,"Rua Jardim Ivone, 21 - Vila Mariana
São Paulo - SP
04105-020
Brasil","+55-11-5081-7272, (11) 5081-7272, (11) 97542-7389"
https://restoranszewah1982.business.site/,"马来西亚
Johor, Kulai
Taman Sri Kulai Baru 2
Jalan Seruling 1
No 2 & 3
邮政编码: 81000","+60-12-785-2234, 012-785 2234, 012-759 3877"
https://aguapotablemx.business.site/,"Ejido Tulyehualco s/n
Culhuacan
Coyoacán
04420 Coyoacán, CDMX
México","+52-55-2523-1594, 55 2523 1594"
https://mendokororamenbabgc.business.site/,"Unit 0109, Ground Floor, Mitsukoshi Mall 8th Ave. Corner 36th St Grand Central Park North
Taguig
1635 Metro Manila
Philippines","+63-2-7729-5437, (02) 7729 5437"
https://barelanchesestadao.business.site/,"Viaduto Nove de Julho, 193 - Centro
São Paulo - SP
01050-060
Brasil","+55-11-3257-7121, (11) 3257-7121"
https://kiatcharoen.business.site/,"31
4 ปลัดเมือง
ต.ในเมือง, อ.เมือง
บุรีรัมย์ 31000
ไทย","+66-87-362-4112, 087 362 4112"
https://villadestericevimenti.business.site/,"Via E. A. Mario, 13
80026 Casoria NA
Italia","+39-338-247-3877, 338 247 3877"
https://metochigavdos.business.site/,"Nisos gavdos chania greece
paleochora chanion greece 730 01
Ελλάδα","+30-2823-042309, 2823 042309, 694 929 2545"
https://clubeoasisgoiania.business.site/,"Avenida T-3, 1855 - Setor Bueno
Goiânia - GO
74215-110
Brasil","+55-62-3251-0110, (62) 3251-0110, (62) 3251-4705"
https://ktsalon.business.site/,"1353 Westwood Boulevard
Los Angeles, CA 90024
USA","+1-424-317-0137, (424) 317-0137"
https://frasia.business.site/,"Stora Vägen 1
444 60 Stora Höga
Sverige","+46-303-77-77-97, 0303-77 77 97, 073-788 60 08"
https://asainbistrousa.business.site/,"455 Penn Lincoln Drive
Imperial, PA 15126
USA","+1-724-218-1214, (724) 218-1214"
https://jlemonpepperfish.business.site/,"2804 South Hamilton Road
Columbus, OH 43232
USA","+1-614-762-3759, (614) 762-3759"
https://nhahang29nhcc.business.site/,"33 Ngọc Hân Công Chúa
Bắc Ninh
16000
Việt Nam","+84-969-603-499, 0969 603 499, 0395 373 386"
https://pavoseattle.business.site/,"14220 Northeast 20th Street Suite A&B
Bellevue, WA 98007
USA","+1-425-698-1083, (425) 698-1083"
https://theblackjourneyphiladelphia.business.site/,,"+1-267-702-3479, (267) 702-3479"
https://feinesichuankuche.business.site/,"Währinger Straße 18
1090 Wien
奥地利","+43-1-8908855, 01 8908855, 0676 9337866"
https://tel0229647060.business.site/,22066台灣新北市漢生東路354號,"+886-2-2964-7060, 02 2964 7060"
https://jansewakendra5647.business.site/,"D 55/48, Aurangabad Oppsite Laxmi Gopal
Khataura, Uttar Pradesh 221010
India","+91-98072-22888, 098072 22888, 089579 22888"
https://tel0229647060.business.site/,22066台灣新北市漢生東路354號,"+886-2-2964-7060, 02 2964 7060"
https://mrsteakhouseshahalam.business.site/,"G. 07, Blok 2, Persiaran Sukan, Laman Seri Business Park
Seksyen 13
40100 Shah Alam
Selangor
Malaysia","+60-16-723-1970, 016-723 1970"
https://jansewakendra5647.business.site/,"D 55/48, Aurangabad Oppsite Laxmi Gopal
Khataura, Uttar Pradesh 221010
India","+91-98072-22888, 098072 22888, 089579 22888"
https://dajajbroast.business.site/,"67- R1 Main Boulevard
Block R 1 Phase 2 Johar Town, Lahore, Punjab 54000
Pakistan","+92-42-35311301, (042) 35311301, (042) 35311302"
https://levelseven.business.site/,"Wizard
House, 9/1
1, Topsia Road
Topsia
Kolkata, West Bengal 700046
India","https://www.google.com/maps/dir//Level+Seven,+Gastropub+%26+Rooftop+Lounge/data=!4m8!4m7!1m0!1m5!1m1!1s0x3a0276956b94210f:0x2874da95a41c1e4c!2m2!1d88.3836817!2d22.5414818, 083369 55199, 098300 42300"
https://praxisfurorthopadieundunfallchirurgiedr.business.site/,"Markt 2/3
13597 Berlin
Deutschland","+49-30-67060922, 030 67060922, 030 67060933"
https://farmamoo.business.site/,"Λεωφόρος Διονύσου
Νέα Μάκρη 190 05
Ελλάδα","+30-698-707-2816, 698 707 2816"
https://vaksalikohvik.business.site/,"Jaama 8
Türi
72211
Eesti","+372-5561-1891, 5561 1891"
https://hanoipho.business.site/,"Bismarckring 40
88400 Biberach an der Riß
Deutschland","+49-7351-5878968, 07351 5878968"
https://foothealthmassage.business.site/,"6780 Abrams Road #109
Dallas, TX 75231
美国","+1-469-779-7222, (469) 779-7222"
https://bikeugene.business.site/,"1241 Willamette Street
Eugene, OR 97401
USA","+1-541-650-2666, (541) 650-2666"
https://brooklynspizzeria.business.site/,"3481 U.S. 601
Concord, NC 28025
USA","+1-704-788-4743, (704) 788-4743"
https://sookeessonmengchuan.business.site/,"29B, Medan Imbi
Pudu
55100 Kuala Lumpur
Malaysia","+60-12-325-5218, 012-325 5218, 011-1233 4331"
https://srivivekanandahospitals.business.site/,"No15, PS Sivasamy Salai
Kattukoil Garden, Mylapore
Chennai, Tamil Nadu 600004
India","+91-44-4319-2129, 044 4319 2129, 072006 48296"
https://kampungturiskarawang.business.site/,"Kampung Parakan Badak
Mekarbuana
Kecamatan Tegalwaru
Kabupaten Karawang
Jawa Barat 41362
Indonesia","+62-813-1142-5430, 0813-1142-5430, 0822-9988-1745"
https://barolo71.business.site/,"Calle Prisciliano Sánchez 71
Centro
45500 San Pedro Tlaquepaque, Jal.
México","https://www.google.com/maps/dir//Barolo+71/data=!4m8!4m7!1m0!1m5!1m1!1s0x8428b24b4c1aaaeb:0xa1dc7b0897231027!2m2!1d-103.3127394!2d20.640593199999998, 33 2300 0470"
https://ibukido.business.site/,"日本
〒503-2426 岐阜県揖斐郡池田町八幡２５１１−５","+81-585-45-0890, 0585-45-0890"
https://3mealsaday.business.site/,"1 Rochor Canal Road
#02-01 Sim Lim Square
Singapore 188504","+65-9670-6520, 9670 6520"
https://devprakashfurniture.business.site/,"17/14, Lakshmiammal Street
Ayyavoo Colony, Aminjikarai
Chennai, Tamil Nadu 600029
India","https://www.google.com/maps/dir//Dev+Prakash+Diwan+Cots/data=!4m8!4m7!1m0!1m5!1m1!1s0x3a5267433169a22f:0x25f0acfcb2063834!2m2!1d80.21624949999999!2d13.0702717, 080561 82202"
https://bistrovas.business.site/,"Alžbetina 655/42
040 01 Košice
Slovensko","+421-907-464-825, 0907 464 825"
https://melinrestaurant.business.site/,"22 Redland Bay Road
Capalaba Queensland 4157
Australia","+61-7-3390-1121, (07) 3390 1121, 0401 865 773"
https://crimsoncup.business.site/,"House 2 Road 24
Dhaka 1212
Bangladesh","+880-1911-337012, 01911-337012"
https://greenvalleypark.business.site/,"Lalpur Upazila
Bangladesh","+880-1727-544364, 01727-544364, 01712-151388"
https://edennoodlescitycbd.business.site/,"shop3/18-26 Wellesley Street East
Auckland CBD
Auckland 1008
New Zealand","+64-27-896-7777, 027 896 7777"
https://kachinamineralsprings.business.site/,"1155 West Cactus Road
Safford, AZ 85546
USA","+1-928-235-4590, (928) 235-4590"
https://mcgavinsbakery.business.site/,"619 North Callow Avenue
Bremerton, WA 98312
USA","+1-360-373-2414, (360) 373-2414"
https://goldenpeachshop.business.site/,710台灣台南市民族路536號,"+886-903-888-154, 0903 888 154"
https://sarochinfivestar.business.site/,"เซเว่นตลาดนัดป้าหรวย
ตำบล เกาะขวาง เมือง
จันทบุรี 22000
ประเทศไทย","+66-99-013-8975, 099 013 8975"
https://rongros.business.site/,"392
16 Maha Rat Road
Khwaeng Phra Borom Maha Ratchawang, Khet Phra Nakhon
Krung Thep Maha Nakhon 10200
Thailand","+66-96-946-1785, 096 946 1785"
https://provosthairstudio.business.site/,"马来西亚
Setia Tropika
taman
MY Johor Johor bahru setia tropika No.10-01, jalan setia tropika 1
邮政编码: 81200","+60-7-230-0762, 07-230 0762, 013-591 5011"
https://vtbhilaisteelplant.business.site/,"Vocational Training Section, Room No. 136, 1st Floor, HRD Centre
Bhilai Steel Plant
Bhilai, Chhattisgarh 490001
India","https://www.google.com/maps/dir//Industrial+Training+at+Bhilai+Steel+Plant,+SAIL/data=!4m8!4m7!1m0!1m5!1m1!1s0x3a2923d8f8254a71:0xf5460e97dd346a10!2m2!1d81.3831024!2d21.1957561"
https://bangalorepalace.business.site/,"Palace Road
Bengaluru, Karnataka 560052
India","+91-63607-57500, 063607 57500"
https://daclaudio.business.site/,"Robert-Koch-Straße 15
84489 Burghausen
Deutschland","+49-8677-9169600, 08677 9169600"
https://soaresurany.business.site/,"Námestie hrdinov 3
942 01 Šurany
Slovensko",https://www.google.com/maps/dir//SOAR%C3%89+RE%C5%A0TAUR%C3%81CIA/data=!4m8!4m7!1m0!1m5!1m1!1s0x476b1b241798e7c9:0xf02b6a3a27cb2611!2m2!1d18.1888066!2d48.087294
https://tokouzinaki.business.site/,"Αιτωλικού 25
Πειραιάς 185 45
Ελλάδα","+30-21-0408-2002, 21 0408 2002"
https://orientalricenoodle.business.site/,"130-8100 Ackroyd Road
Richmond, BC V6X 3K2
加拿大","+1-604-370-3738, (604) 370-3738"
https://arabiata.business.site/,"Beirut Street
Hawally
Kuwait","+965-2225-0020, 2225 0020"
https://facetea.business.site/,"2631 Enterprise Road #600
Orange City, FL 32763
美国","+1-386-473-7984, (386) 473-7984"
https://happylambhotpot.business.site/,"9 Scotts Road
#02-10 Pacific Plaza
Singapore 228210","+65-9030-6897, 9030 6897"
https://huskitory.business.site/,"27, Jalan Taman Asean
Taman Asean
75250 Melaka
Malaysia","+60-11-5500-2602, 011-5500 2602, 06-334 2602"
https://stagsonlybarbershop.business.site/,"700 Willow Avenue
Hoboken, NJ 07030
USA","+1-201-253-0880, (201) 253-0880"
https://buddiesbagels.business.site/,"181 Susquehanna Boulevard
West Hazleton, PA 18202
USA","+1-570-455-0900, (570) 455-0900"
https://jooyeevegetarian.business.site/,"3 Jalan taiping 2
Off, Lorong Tupai
34000 Taiping
Perak
马来西亚","+60-16-860-5388, 016-860 5388, 011-1542 5388, 016-552 0317"
https://brickfieldsclaypot.business.site/,"Unit G-05, Garden Business Centre
No. 3, Jalan Istana
41000 Klang
Selangor
Malaysia","+60-3-3382-0872, 03-3382 0872"
https://kafeleopold.business.site/,"Between 33rd & 34th Street - between M and the canal
3315 Cady's Alley Northwest
Washington, DC 20007
USA","+1-202-965-6005, (202) 965-6005"
https://therocketbarbecue.business.site/,"1508 Pelham Road South
Jacksonville, AL 36265
USA","+1-256-435-6516, (256) 435-6516"
https://andyspizza.business.site/,"7291 Tennessee 28
Dunlap, TN 37327
USA","+1-423-949-3633, (423) 949-3633"
https://elcucodigital.business.site/,"San Martín 440
La Consulta
Mendoza
Argentina","+54-2622-47-0929, 02622 47-0929, 02622 54-3787"
https://yukimi.business.site/,"110 Avenue du Pont Juvénal
34000 Montpellier
France","+33-4-99-75-29-61, 04 99 75 29 61"
https://hoteldepasolau.business.site/,"Santiago
Heredia, San Rafael
Costa Rica","+506-2100-2370, 2100 2370"
https://perlaristorantepizzeria.business.site/,"Via Mons. Saccani, 6
42023 Cadelbosco di sopra RE
Italia","+39-0522-917526, 0522 917526"
https://pakopitamandesa.business.site/,"Jalan 2/109e
Taman Danau Desa
58100 Kuala Lumpur
Wilayah Persekutuan Kuala Lumpur
马来西亚","+60-10-218-0676, 010-218 0676"
https://brownstonejazz.business.site/,"107 Macon Street
Brooklyn, NY 11216
USA","+1-917-704-9237, (917) 704-9237"
https://meimassage.business.site/,"561 West Mesquite Boulevard #2
Mesquite, NV 89027
美国","+1-702-863-3339, (702) 863-3339"
https://lamtifoodbeer.business.site/,"504 Đường 3 Tháng 2
Phường 14
Quận 10
Thành phố Hồ Chí Minh
Việt Nam","+84-1900-986887, 1900 986887, 0383 250 077"
https://oldneighborhoodgrill.business.site/,"1633 Park Place Avenue
Fort Worth, TX 76110
USA","+1-817-923-2282, (817) 923-2282"
https://adaparklunapark.business.site/,"Dokuz Eylül Mahallesi
35410 Gaziemir
Türkiye","+90-507-079-57-31, 0507 079 57 31"
https://pro7autolighting.business.site/,"Royal Residence
Jalan Sumur Welut No.187 B18
Kecamatan Wiyung
Kota Surabaya
Jawa Timur 60227
Indonesia","+62-812-1153-1177, 0812-1153-1177, (031) 99426327"
https://oslofjordsauna.business.site/,"Sukkerbiten
0150 Oslo
Norge","https://www.google.com/maps/dir//Oslo+Badstuforening,+Sukkerbiten/data=!4m8!4m7!1m0!1m5!1m1!1s0x46416f3147c085f1:0x67e3e39d3a2e32b6!2m2!1d10.752913699999999!2d59.904552699999996"
https://grilladine.business.site/,"Dreieckstraße 26
40227 Düsseldorf
Deutschland","+49-211-94216796, 0211 94216796"
https://radhakunj.business.site/,"Swayambhu Mahadev Mandir
Antri Malkapur, Maharashtra 444001
India","+91-77759-64495, 077759 64495, 098229 52481"
https://epo164.business.site/,"Rosas S/N
Col. San Miguel Acuitlapilco
56330 Municipio de Chimalhuacán, MEX
México","+52-55-2231-6158, 55 2231 6158"
https://dongabinosmexicangrill.business.site/,"304 Southeast 3rd Street
Bend, OR 97702
USA","+1-541-797-6786, (541) 797-6786"
https://indahhome.business.site/,"KT 61, Kampung Tengah
Jalan Sungai Abong
84000 Muar
Johor
Malaysia","+60-12-611-9093, 012-611 9093, 06-952 4950, 012-603 9900"
https://atacadaopneuserodas.business.site/,"CSD 06 Lote 42 Loja 01
Taguatinga Sul
Brasília - DF
72020-065
Brasil","+55-61-3770-5000, (61) 3770-5000"
https://tmfoods.business.site/,"日本
〒811-1102 福岡県福岡市早良区早良区東入部７丁目２５−３","+81-92-804-0716, 092-804-0716"
https://laed.business.site/,"Ρηγίλλης 1
Αθήνα 106 75
Ελλάδα","+30-21-0721-2496, 21 0721 2496"
https://barmis.business.site/,"14 Lutego 18
64-920 Piła
Polska","+48-781-414-241, 781 414 241, 535 008 381"
https://cafedomek.business.site/,"Zdrojowa 36A
57-350 Kudowa-Zdrój
Polska","+48-665-111-575, 665 111 575"
https://ljshanghaicle.business.site/,"3142 Superior Avenue
Cleveland, OH 44114
USA","+1-216-400-6936, (216) 400-6936"
https://eyeclinicsamutsakhon.business.site/,"920
99 ซอย นรสิงห์ 1
เมือง
สมุทรสาคร 74000
ประเทศไทย","+66-86-822-8123, 086 822 8123"
https://yummybowl.business.site/,"8810 South Emerson Avenue STE 150
Indianapolis, IN 46237
USA","+1-317-586-8212, (317) 586-8212"
https://wahtonghokkienmee.business.site/,"4004, Jalan Kampung Benggali
12200 Butterworth
Pulau Pinang
马来西亚",https://www.google.com/maps/dir//%E5%8C%97%E6%B5%B7%E5%8D%8E%E4%B8%9C%E7%A6%8F%E5%BB%BA%E9%9D%A2WAHTONG+HOKKIANMEE+Restoran+Old+Town+Kitche/data=!4m8!4m7!1m0!1m5!1m1!1s0x304ac4155263d5d3:0x7c80afbe46af5e7!2m2!1d100.3714!2d5.4078799
https://unalaraoficial.business.site/,"Carrera 19
Barquisimeto 3001, Lara
Venezuela","+58-251-2331015, 0251-2331015"
https://familiya.business.site/,"вулиця Незалежності, 31
Івано-Франківськ
Івано-Франківська область
Україна
76000","+380-68-655-4955, 068 655 4955"
https://kantofreestylebreakfast.business.site/,"6A 1st Street
Pasig
1602 Metro Manila
Philippines","+63-2-8775-5428, (02) 8775 5428"
https://elremolkito.business.site/,"Anillo Periférico 5460
Olímpica
Coyoacán
04710 Ciudad de México, CDMX
México","+52-55-4809-2211, 55 4809 2211, 55 2250 2860"
https://piggymall.business.site/,"Unit 2.6 Building A
Wembley Commercial Centre
London
HA9 7UR
UK","+44-7410-586888, 07410 586888"
https://sinyulik.business.site/,"10, Jalan Awan Makmur 1
Taman Oug Square
58200 Kuala Lumpur
Wilayah Persekutuan Kuala Lumpur
马来西亚","+60-18-296-1377, 018-296 1377"
https://geppetto.business.site/,"9 Rue Chauvain
06000 Nice
France",https://www.google.com/maps/dir//Geppetto./data=!4m8!4m7!1m0!1m5!1m1!1s0x12cddabaa6199325:0xd86049983b582409!2m2!1d7.2710032!2d43.6989715
https://edennoodles.business.site/,"New Zealand
CITY East
Wellesley Street
NZ AUCKLAND 105 dominion road MT EDEN Shop3 14 Corinthian Dr Albany shop3/18邮政编码: 1024","+64-9-630-1899, 09 630 1899"
https://midwayfoodcourt.business.site/,"Mallapally Road
State Highway 9
Panayampala
Karukachal, Kerala 686540
India",https://www.google.com/maps/dir//Midway+Food+Court+Karukachal/data=!4m8!4m7!1m0!1m5!1m1!1s0x3b062fd6478ddd0d:0x91981c6754e2af17!2m2!1d76.639834!2d9.5009868
https://littlebearbar.business.site/,"1855 Industrial Street
Los Angeles, CA 90021
USA","+1-213-622-8100, (213) 622-8100"
https://yutakajapanese.business.site/,"751 East Bell Road #9
Phoenix, AZ 85022
USA","+1-602-843-8882, (602) 843-8882"
https://goodfortunehotpot.business.site/,"39, Lorong Batu Nilam 21C
Bandar Bukit Tinggi 2
41200 Klang
Selangor
Malaysia",https://www.google.com/maps/dir//Good+Fortune+Hot+Pot+%E7%8E%8B%E5%BB%B7%E7%8C%AA%E8%82%9A%E9%B8%A1%E7%81%AB%E9%94%85+%28Bukit+Tinggi+2%29/data=!4m8!4m7!1m0!1m5!1m1!1s0x31cdad628cb7337b:0xc475a08af80ae12!2m2!1d101.4432592!2d2.9983554999999997
https://goldenchef.business.site/,"72 Briants Avenue
Reading
RG4 5BA
英国","+44-118-947-3386, 0118 947 3386"
https://asappliance.business.site/,"3407 Blanco Road
San Antonio, TX 78212
USA","+1-210-731-8408, (210) 731-8408, (210) 434-0282"
https://lemonjellycafe.business.site/,"Millennium Walkway
North City
Dublin 1
D01 Y027
Ireland","+353-1-873-5161, (01) 873 5161"
https://boxstreetvasai.business.site/,"Box Street Vasai, Yashwant Smart City
Vasai East
Vasai-Virar, Maharashtra 401208
India",https://www.google.com/maps/dir//Box+Street+Vasai/data=!4m8!4m7!1m0!1m5!1m1!1s0x3be7af0af070171b:0xc6e2a0cb895ec980!2m2!1d72.8459563!2d19.3918516
https://lasvaqueras.business.site/,"Rio de Janeiro 903
Panamericana
31210 Chihuahua, Chih.
México","https://www.google.com/maps/dir//Las+Vaqueras/data=!4m8!4m7!1m0!1m5!1m1!1s0x86eb13db5ff942bd:0xbf895999294bb35d!2m2!1d-106.10871689999999!2d28.6575788, 614 413 6539"
https://fairmounttire.business.site/,"600 West Slauson Avenue
Los Angeles, CA 90044
USA","+1-323-750-8676, (323) 750-8676"
https://jawedhabib90feetkbagh.business.site/,"First Floor, Dharamshila market,Dharamshila Chowk
90 Feet Road
Kankarbagh, Hanuman Nagar
Patna, Bihar 800020
India","+91-97719-11186, 097719 11186"
https://hadikarakoy.business.site/,"Kemankeş Mahallesi, Rıhtım Caddesi
Yuva Sokak no:6
34425 Beyoğlu
Türkiye","+90-543-227-00-24, 0543 227 00 24"
https://ristoranteallancoradiroverbellamn.business.site/,"Via Massimiliano Custoza, 111
46048 Roverbella MN
Italia","+39-0376-693170, 0376 693170"
https://daebaklondon.business.site/,"316-318 Kennington Lane
London
SE11 5HY
UK","+44-20-7642-1522, 020 7642 1522"
https://shengjianking.business.site/,"3255 Hwy 7 Ave East
Unit F266
Markham, ON L3R 3P9
加拿大","+1-647-526-2388, (647) 526-2388"
https://hasifhafizboutique.business.site/,"Alam Avenue
1, Jalan Serai Wangi H 16/H
40200 Shah Alam
Selangor
Malaysia","+60-18-297-9093, 018-297 9093"
https://tuckkeeson.business.site/,"51 Lorong 6 Toa Payoh
#01-60
Singapore 310051",https://www.google.com/maps/dir//Tuck+Kee+Son+%E2%97%8F+%E5%BE%B7%E8%AE%B0%E4%BB%94+-+Toa+Payoh+Branch/data=!4m8!4m7!1m0!1m5!1m1!1s0x31da1758d506086d:0x40d0bc4d079e8404!2m2!1d103.85248759999999!2d1.3377525
https://beijingchineserestaurant.business.site/,"8144 East 21st Street
Indianapolis, IN 46219
USA","+1-317-895-9355, (317) 895-9355"
https://sorece.business.site/,"Roble 3
Santa María la Ribera
Cuauhtémoc
06400 Ciudad de México, CDMX
México","+52-55-5161-8600, 55 5161 8600, 55 3237 3218"
https://fogondobrasilvallarta.business.site/,"Avenida Ignacio Luis Vallarta 6220A
Jocotán
45017 Zapopan, Jal.
México","+52-33-1657-1837, 33 1657 1837, 33 1657 1337"
https://hilinmensas.business.site/,"Calle 104a #74-18
Medellín, Antioquia
哥伦比亚","+57-604-4483988, (604) 4483988, (604) 4778040, 312 8428894"
https://enakkopitiam.business.site/,"shop 11/61 Apsley Road
Willetton WA 6155
Australia","+61-8-9457-4884, (08) 9457 4884"
https://milanospizzabeverly.business.site/,"10945 South Western Avenue
Chicago, IL 60643
USA","+1-773-445-4010, (773) 445-4010"
https://kimcheerestaurant7.business.site/,"Parking
lot 98-150 Kaonohi Street b112
Aiea, Hawaii 96701
United States","+1-808-487-2905, (808) 487-2905"
https://mayurierickshaw.business.site/,"1A
Kunda Kothi, PTC Chowk
Hazaribagh, Jharkhand 825301
India","+91-77177-07484, 077177 07484"
https://piscinaelcaney.business.site/,"El Colegio - El Charquito
Mesitas del Colegio, Cundinamarca
Colombia","+57-317-3710461, 317 3710461, (601) 8475151"
https://phosong.business.site/,"22334 Lougheed Highway
Maple Ridge, BC V2X 2T4
Canada","+1-604-477-0066, (604) 477-0066"
https://jpspizzabuho.business.site/,"Emilio Aguinaldo Highway
Silang
4118 Cavite
Philippines","+63-995-234-2822, 0995 234 2822"
https://gelacucageladinhogourmet.business.site/,"Ladeira do Acupe Rua Novo Horizonte,232 - Bloco 140D
Acupe de Brotas
Salvador - BA
40301-110
Brasil",https://www.google.com/maps/dir//Gela+Cuca+Geladinho+Gourmet/data=!4m8!4m7!1m0!1m5!1m1!1s0x71605d721f2c957:0x18b9291f1b7b47bd!2m2!1d-38.4944766!2d-12.9920872
https://lasanipizzatime.business.site/,"Watta Khal Chock
Sargodha Mianwali Road
Mianwali, 42200
Pakistan","+92-311-1555582, 0311 1555582, (0459) 230661, (0459) 230662"
https://wagorbanquet.business.site/,406台灣台中市軍福十八路328號,"+886-4-2437-7777, 04 2437 7777, 0905 229 152"
https://squareshotpot.business.site/,"4152 West Spring Creek Parkway Suite# 108
Plano, TX 75024
美国","+1-972-596-4357, (972) 596-4357"
https://magicnoodleswansea.business.site/,"176B Pacific Highway
Swansea NSW 2281
澳大利亚",https://www.google.com/maps/dir//Magic+Noodle+Swansea/data=!4m8!4m7!1m0!1m5!1m1!1s0x6b7323d8e6077fb9:0x5eff6e374671765e!2m2!1d151.6380873!2d-33.089737899999996
https://ritasupermallpwt.business.site/,"Jalan Jenderal Soedirman No.296
Sokanegara
Kecamatan Purwokerto Timur
Kabupaten Banyumas
Jawa Tengah 53116
Indonesia",https://www.google.com/maps/dir//RITA+SuperMall+Purwokerto/data=!4m8!4m7!1m0!1m5!1m1!1s0x2e655e63652962bd:0x2c1b4c40662c1268!2m2!1d109.23026499999999!2d-7.425388099999999
https://gengshiji.business.site/,"加拿大
British Columbia, Richmond
Capstan Way
Union Square 1211
邮政编码: V6X 4B5","+1-604-370-6899, (604) 370-6899"
https://aicibucuresti.business.site/,"Bulevardul Unirii
București
Romania","+40-799-124-330, 0799 124 330"
https://nartygdansk.business.site/,"Kazimierza Górskiego 1
80-336 Gdańsk
Polska","https://www.google.com/maps/dir//nartygdansk.pl/data=!4m8!4m7!1m0!1m5!1m1!1s0x46fd0ac835ce2f91:0x6ef6191e630f3f6d!2m2!1d18.5607063!2d54.418360899999996, 508 485 690"
https://ticc.business.site/,"Sinji
No. 1號信義路五段
台北市台灣 110","+886-2-2725-5200;ext=3000, 02 2725 5200#3000, 02 2725 5200#3517"
https://sehatitransport.business.site/,"Jalan Bung Tomo No.33
Kota Denpasar
Bali 80118
Indonesia","+62-859-6710-3049, 0859-6710-3049, (0361) 9072579, 0812-3836-0886"
https://shuangshuanghotpot.business.site/,33380台灣桃園市文化二路34巷22號,"+886-3-328-3882, 03 328 3882"
https://fullblessingrestaurant.business.site/,"Ground Floor & First Floor
Jalan Ambong Kanan 1
Taman Kepong
52100 Kuala Lumpur
Malaysia","+60-3-6241-0041, 03-6241 0041"
https://laconchigliamelsungen.business.site/,"Mühlenstraße 15
34212 Melsungen
Deutschland","+49-5661-9228118, 05661 9228118"
https://dayungs047266086.business.site/,500台灣彰化縣民族路333號,"+886-4-726-6086, 04 726 6086"
https://dandancafe.business.site/,"日本
〒619-1221 京都府相楽郡和束町石寺
東谷１－１","+81-774-66-1185, 0774-66-1185"
https://soosasianstreetfood.business.site/,"4 Spa Square
Mallow
Co. Cork
P51 E771
Ireland","+353-22-30999, (022) 30999"
https://demarinispizzeria.business.site/,"N88W15229 Main Street
Menomonee Falls, WI 53051
USA","+1-262-253-1566, (262) 253-1566, (262) 253-1567, (262) 253-1568"
https://liulipavilionmalaysia.business.site/,"LOT 2.104.00
LEVEL 2, PAVILION ELITE
168, Jalan Bukit Bintang
55100 Kuala Lumpur
Wilayah Persekutuan Kuala Lumpur
Malaysia","+60-3-2148-9618, 03-2148 9618"
https://fujisushiseafoodbuffet.business.site/,"985 U.S. 98 E
Destin, FL 32541
美国","+1-850-424-5665, (850) 424-5665"
https://habbitscafe.business.site/,"Habbits cafe
West Canal Road
near faisal town
Faisalabad
Pakistan","+92-300-0341301, 0300 0341301, (041) 8756777"
https://alluremassage.business.site/,"17290 Preston Road ste110
Dallas, TX 75252
美国","https://www.google.com/maps/dir//Allure+Massage/data=!4m8!4m7!1m0!1m5!1m1!1s0x864c237134142897:0x6e76ae42cc644011!2m2!1d-96.8031582!2d32.9862429, (214) 272-7660"
https://tztk.business.site/,"11a, Lorong Ceri 5
Taman Aman Jaya
12300 Butterworth
Pulau Pinang
马来西亚","+60-18-380-2852, 018-380 2852"
https://byblosrestaurantbar.business.site/,"215 Queen Street
Fredericton, NB E3B 0Y2
Canada","+1-506-454-5552, (506) 454-5552"
https://restaurantexapuri.business.site/,"Rua Mandacarú, 260 - Trevo
Belo Horizonte - MG
31370-270
Brasil","+55-31-3496-6198, (31) 3496-6198"
https://texsmart.business.site/,"177, Ibrahim Sahib Street
Tasker Town, Shivaji Nagar
Bengaluru, Karnataka 560001
India","+91-80-4173-1081, 080 4173 1081"
https://fulkolisweets.business.site/,"04 Neemtoli Road
Bus Stand. Badda Thana Road
ঢাকা 4000
Bangladesh","+880-1974-557374, 01974-557374"
https://topchingtian.business.site/,"813台灣高雄市自由四路137號
1樓","+886-7-345-7626, 07 345 7626"
https://avaniyaadventures.business.site/,"Road
Bethamangala, Karnataka 561207
India","+91-97410-25566, 097410 25566, 094818 25566"
https://akmich.business.site/,"طريق الملك عبدالعزيز‎
الخرج‎
السعودية‎","+966-11-544-8300, 011 544 8300"
https://lobak.business.site/,"17（1st floor
Jalan Tan Sri Manickavasagam
70200 Seremban
Negeri Sembilan
马来西亚","+60-12-574-0200, 012-574 0200"
https://mandirshrigovinddevjijaipur.business.site/,"Jai Niwas Garden
Jalebi Chowk
Jaipur, Rajasthan 302002
India","https://www.google.com/maps/dir//THIKANA+MANDIR+SRI+GOVINDDEVJI+,+JAIPUR/data=!4m8!4m7!1m0!1m5!1m1!1s0x396db4324eeda797:0x2260d13cd55e605c!2m2!1d75.8240701!2d26.9288341"
https://yongfatt.business.site/,"124, Jalan Dedap 13
Johor Jaya
81100 Johor Bahru
Johor
马来西亚","+60-7-352-3888, 07-352 3888"
https://littleitalybartlett.business.site/,"7717 U.S. 70
Bartlett, TN 38133
USA","https://www.google.com/maps/dir//ANGELO%E2%80%99S+LITTLE+ITALY+RISTORANTE+in+BARTLETT/data=!4m8!4m7!1m0!1m5!1m1!1s0x887f76372415b60b:0xb6b0a8680d3aea17!2m2!1d-89.80553019999999!2d35.232170499999995, (901) 380-5504"
https://obedyodsikorek.business.site/,"Dukelská 1137
Lyžbice
739 61 Třinec
Česko","+420-702-856-822, 702 856 822"
https://esevaimaiyam.business.site/,"No.84, First Floor, Thiyagaraja Nagar, 23 Vengadamangalam
village
Ponmar
Chennai, Tamil Nadu 600127
India","+91-99629-27362, 099629 27362"
https://garramotospr.business.site/,"Rua Doutor Reynaldo Machado, 1389 - Prado Velho
Curitiba - PR
80215-242
Brasil","+55-41-99741-3302, (41) 99741-3302"
https://nutribienestar.business.site/,"Calle 60 #27 - 41
Palmira, Valle del Cauca
Colombia","+57-320-6779107, 320 6779107"
https://agavesmexicangrillhenderson.business.site/,"2003 Stapp Drive
Henderson, KY 42420
USA","+1-270-957-5028, (270) 957-5028"
https://restauranteyeny.business.site/,"Vía España
Panamá
Panama","+507-388-5231, 388-5231, 6215-9005"
https://larviksushiogwok.business.site/,"Sverres gate 4
3256 Larvik
Norge","+47-90-99-49-98, 90 99 49 98"
https://miyabisavannah.business.site/,"200 Eisenhower Drive
Savannah, GA 31406
USA","+1-912-352-7300, (912) 352-7300"
https://clubepleiades.business.site/,"Estrada Três Cruzes, 100 - Jardim Cachoeira
São Paulo - SP
02285-000
Brasil","+55-11-2147-9999, (11) 2147-9999, (11) 94739-1373"
https://lydigitalfastprint.business.site/,"19 & 21, Jalan Lambak
86000 Kluang
Johor
Malaysia","+60-7-771-1198, 07-771 1198, 012-733 1911, 012-783 5523"
https://thaimeeup.business.site/,"591 Haleakala Highway
Kahului, HI 96732
USA","+1-808-214-3369, (808) 214-3369"
https://cremosinhooriginal.business.site/,"Rua Oitenta e Quatro, 18 - Cohab
Cabo de Santo Agostinho - PE
54515-260
Brasil","+55-81-3518-0426, (81) 3518-0426, (81) 3524-0313, (81) 98499-8815"
https://pocavergonyabistro.business.site/,"Plaça Poeta Marquina, 1
17002 Girona
Espanya","+34-972-20-64-22, 972 20 64 22"
https://goodchef.business.site/,"27A 4de Street
Krugersdorp North
Johannesburg
1741
南非","+27-84-897-3347, 084 897 3347"
https://weizhiyuan7188880069.business.site/,"14-46 College Point Boulevard
College Point, NY 11356
美国","+1-718-888-0069, (718) 888-0069"
https://miltonchippy.business.site/,"1885 Leek Road
Stoke-on-Trent
ST2 7AQ
UK","+44-1782-766634, 01782 766634"
https://rimart.business.site/,"Corso Regina Margherita, 94
10153 Torino TO
Italia","+39-348-710-2798, 348 710 2798, 011 585 9382"
https://longxing.business.site/,"Antwerpenlaan 16
5628 XE Eindhoven
荷兰","+31-40-248-7110, 040 248 7110"
https://hacazizinegolkoftecisi1934.business.site/,"Burhaniye
İstiklal Caddesi No:13
16400 İnegöl/Bursa
Türkiye","+90-224-715-14-93, (0224) 715 14 93"
https://mewahmoneylender.business.site/,"Fl 1 L 9208
SL 4, Jalan Canna
93250 Kuching
Sarawak
马来西亚","+60-16-879-1298, 016-879 1298"
https://artesaniasdetonala.business.site/,"Morelos 252
Tonalá Centro
45400 Tonalá, Jal.
México","+52-33-3814-6754, 33 3814 6754"
https://acredalesaddlery.business.site/,"5248 Indian River Road
Virginia Beach, VA 23464
USA","+1-757-467-3183, (757) 467-3183"
https://glnailspa.business.site/,"5943 Pine Ridge Road
Naples, FL 34119
美国","+1-239-348-1000, (239) 348-1000"
https://posinarjayakalideres.business.site/,"TERMINAL KALIDERES RT.4/RW.1 Kalideres KEL
RT.4/RW.1
Kalideres
Kecamatan Kalideres
Kota Jakarta Barat
Daerah Khusus Ibukota Jakarta 11840
Indonesia",https://www.google.com/maps/dir//PO+SINAR+JAYA+KALIDERES/data=!4m8!4m7!1m0!1m5!1m1!1s0x2e69f9c9d503bb55:0xbe0e2b4f193f74cd!2m2!1d106.7057318!2d-6.1550451
https://hennadoodle.business.site/,"Kemuning Avenue
Jalan 33/157A
Kota Kemuning
40460 Shah Alam
Selangor
Malaysia","+60-13-974-4489, 013-974 4489"
https://samarthbaghouse.business.site/,"Shivshakti Complex
1st Floor, Shop
38, Khamla Road
Khamla
Nagpur, Maharashtra 440025
India","+91-98220-33901, 098220 33901"
https://restoranhelixuansdnbhd.business.site/,"71, Jalan Austin Heights 8/1
Taman Mount Austin
81100 Johor Bahru
Johor
Malaysia","+60-1-700-81-9989, 1-700-81-9989, 017-785 9968"
https://supplydemandsin.business.site/,"8 Raffles Avenue
#01-13 Annexe, Esplanade Mall
Singapore 039802","+65-6336-0588, 6336 0588, 9488 2958"
https://barbarestonia.business.site/,"Rävala puiestee 8
10145 Tallinn
Estonia","+372-5837-7788, 5837 7788"
https://slowcafesa.business.site/,"8222 3990 طريق الملك عبدالعزيز‎
صبيا‎
السعودية‎","+966-55-379-4816, 055 379 4816"
https://millenniumpizza.business.site/,"287 Broadway
Fall River, MA 02721
USA","+1-508-672-6699, (508) 672-6699, (508) 672-6696"
https://silksarees.business.site/,"#24, 1st floor Ganigara A lane sidanna lane
cross
near JUMMA MASJID
Nagarathpete
Bengaluru, Karnataka 560002
India","+91-99805-51999, 099805 51999"
https://elsabroson.business.site/,"Bolivia 1809 entre Los Ríos y
Esmeraldas
Guayaquil 090301
Ecuador","+593-4-236-7735, (04) 236-7735, 099 308 7886, 099 548 4529"
https://hangoutplayworld.business.site/,"State Highway 1
near kaithamala muslim church
Ettumanoor, Kerala 686631
India","+91-96055-51905, 096055 51905"
https://albaikpakistan.business.site/,"Zaildar Road
2nd branch open
Ganj Baksh Road
Ichhra, Lahore, 54000
Pakistan","+92-301-4630050, 0301 4630050"
https://perfectwok.business.site/,"Chrudichromská 2454 /3
680 01 Boskovice
捷克",https://www.google.com/maps/dir//Perfect+%26+wok/data=!4m8!4m7!1m0!1m5!1m1!1s0x4712637c2f3e2d9f:0xc7d1428f1de87e66!2m2!1d16.644507!2d49.4975126
https://chinabuffet40165.business.site/,"445 HWY 44E Suite18
Shepherdsville, KY 40165
美国","+1-502-921-2891, (502) 921-2891"
https://spqrkosice.business.site/,"Werferova 3
040 11 Košice
Slovensko","+421-949-414-466, 0949 414 466"
https://stokisrokokherhalsin.business.site/,"Blok 1 No.Desa
Bojong Wetan
Jamblang
Cirebon
Jawa Barat 45156
Indonesia","+62-877-2872-3348, 0877-2872-3348, 0853-1441-9329"
https://momentzmusicbar.business.site/,"LOT 1, i31, Jalan PPU2A, Bandar Puchong Jaya
Taman Perindustrian Pusat Bandar Puchong
47100 Puchong
Selangor
Malaysia","+60-19-636-5963, 019-636 5963"
https://itachosushiavolonte.business.site/,"5325 Boulevard des Forges
Trois-Rivières, QC G8Y 5L5
Canada","+1-819-376-8888, (819) 376-8888"
https://jbgoodhelper.business.site/,"Taman Bayu Puteri
80150 Johor Bahru
Johor
马来西亚","+60-14-911-0293, 014-911 0293"
https://homebargainsinland.business.site/,"2727 South Towne Avenue
Pomona, CA 91766
美国","+1-909-991-6755, (909) 991-6755"
https://cossimbazarpalaceroys.business.site/,"12, Cossimbazar Road
Rajbari Para
Kasim Bazar, West Bengal 742102
India","https://www.google.com/maps/dir//COSSIMBAZAR+PALACE+OF+THE+ROYS+%28RAJBARI%29/data=!4m8!4m7!1m0!1m5!1m1!1s0x39f97d8e6f8ffe73:0x58ff9ae65c43433e!2m2!1d88.27159619999999!2d24.124348899999998, 098310 31108"
https://santacatalinarengo.business.site/,"Urriola 563
2940686 Rengo
O'Higgins
Chile","+56-72-251-2762, (72) 251 2762, 9 7334 7200, 9 8804 5668"
https://bistrello.business.site/,"ulitsa ""Knyaz Boris I"" 66
1463 Sofia
Bulgaria","+359-89-540-5555, 089 540 5555"
https://almathaqaliraqi.business.site/,"طريق الأمير طلال‎
المبرز 36342‎
السعودية‎","+966-13-582-6662, 013 582 6662, 013 573 1873, 055 806 1359"
https://ampangb2b.business.site/,"E Lin, Jalan Pandan Indah 1/23A, 55100 Pandan Indah, Selangor
55100 Ampang
Wilayah Persekutuan Kuala Lumpur
马来西亚","+60-10-268-6608, 010-268 6608"
https://cartoriomogi.business.site/,"186
Rua Olegário Paiva - Centro
Mogi das Cruzes - SP
08780-040
Brasil","+55-11-4725-3778, (11) 4725-3778, (11) 4725-3208, (11) 4799-4773"
https://gradfriends.business.site/,"香港
大角咀通州街123號","+852-5381-1628, 5381 1628"
https://singsingbangkok.business.site/,"Soi Sukhumvit 45
Khwaeng Khlong Tan Nuea, Khet Watthana
Krung Thep Maha Nakhon 10110
Thailand","+66-63-225-1331, 063 225 1331"
https://2411vape.business.site/,"2411 Agricola Street
Halifax, NS B3K 4C1
Canada","+1-902-492-0070, (902) 492-0070"
https://isekaisushi.business.site/,"Eteläpuisto 11
28100 Pori
芬兰","+358-46-5431883, 046 5431883"
https://kolshye.business.site/,"النسيم الغربي‎
الرياض‎
السعودية‎",https://www.google.com/maps/dir//%D9%85%D8%AD%D9%84+%D9%83%D9%84+%D8%B4%D9%8A%D8%A1%E2%80%AD/data=!4m8!4m7!1m0!1m5!1m1!1s0x3e2f011678940e7f:0xf4d7df999d10299b!2m2!1d46.8235816!2d24.723271099999998
https://apinyacook.business.site/,"53 หมู่ 13
ตำบล หนองปรือ อำเภอ บางละมุง
ชลบุรี 20150
ไทย",https://www.google.com/maps/dir//%E0%B8%A3%E0%B9%89%E0%B8%B2%E0%B8%99%E0%B8%82%E0%B9%89%E0%B8%B2%E0%B8%A7%E0%B8%84%E0%B8%A5%E0%B8%B8%E0%B8%81%E0%B8%81%E0%B8%B0%E0%B8%9B%E0%B8%B4/data=!4m8!4m7!1m0!1m5!1m1!1s0x310295755b270861:0x3cdf3f7ac7fb935b!2m2!1d100.93611229999999!2d12.9210722
https://flushingcare.business.site/,"136-30 Maple Avenue Suite 2F
Queens, NY 11355
USA","https://www.google.com/maps/dir//%E4%B8%81%E6%B0%B8%E5%A2%9E,+%E7%BA%AA%E7%90%B3+%E5%86%85%E7%A7%91%E8%AF%8A%E6%89%80+Yongzeng+Ding+M.D.+Ph.D.%EF%BC%9BLin+Ji+M.D.+/data=!4m8!4m7!1m0!1m5!1m1!1s0x89c2616b370c8649:0x180f45a9a5387b16!2m2!1d-73.82697399999999!2d40.755640899999996, (718) 888-9600, (516) 806-2288"
https://granodurowarsaw.business.site/,"Topiel 12
00-342 Warszawa
Polska","+48-519-858-740, 519 858 740"
https://dondaebaksg.business.site/,"35 Kreta Ayer Road
Singapore 089000","+65-6226-1727, 6226 1727"
https://leroyshotstuff.business.site/,"333 U.S. 20
Porter, IN 46304
USA","+1-219-926-6211, (219) 926-6211"
https://tastybakerykl.business.site/,"No.4G, Jalan USJ 10/1B
Taman Perindustrian Uep
47620 Subang Jaya
Selangor
Malaysia","+60-16-946-8790, 016-946 8790"
https://kaoselkhart.business.site/,"201 West Marion Street
Elkhart, IN 46516
USA","+1-574-389-1674, (574) 389-1674"
https://mundovinilomalaga.business.site/,"Calle Ollerías, 56
29012 Málaga
España",https://www.google.com/maps/dir//Mundo+Vinilo/data=!4m8!4m7!1m0!1m5!1m1!1s0xd72f7bc02044d93:0xa704979d6ef549af!2m2!1d-4.423378!2d36.726582199999996
https://sosindonesiaofficial.business.site/,"Jalan Kesehatan No.37 RT.01/04
RT.2/RW.3
Petojo Selatan
Kecamatan Gambir
Kota Jakarta Pusat
Daerah Khusus Ibukota Jakarta 10160
Indonesia","+62-811-1805-505, 0811-1805-505, (021) 3510666"
https://spotcularcarsisi.business.site/,"Cumhuriyet
Hilal Caddesi No:111
34500 Büyükçekmece/İstanbul
Türkiye","+90-533-058-95-89, 0533 058 95 89, 0555 975 39 63"
https://atasteofthebigapple.business.site/,"104 West Broadway Street
Owatonna, MN 55060
USA","+1-507-455-3633, (507) 455-3633"
https://theroadhouse.business.site/,"Box 189
4406 Widmark Subdivision
Arras, BC V0C 1B0
Canada","+1-250-843-7885, (250) 843-7885"
https://maiskitchen.business.site/,"80-3230 Preston Avenue South
Saskatoon, SK S7T 0Y5
Canada","+1-306-952-4499, (306) 952-4499"
https://luxurymaison.business.site/,"B02-00-09，City Walk 2
الوصل‎ - دبي‎
阿拉伯联合酋长国","+971-4-385-5388, 04 385 5388, 050 889 6083"
https://aaltopahvi.business.site/,"Aalto-yliopiston kirjasto, Harald Herlin Learning Centre
Otaniementie 9
02150 Espoo
Suomi","+358-40-1921132, 040 1921132"
https://reimartintas.business.site/,"Rua Barão do Amazonas, 428 - Loja A - Centro
Niterói - RJ
24030-110
Brasil","+55-21-2717-9897, (21) 2717-9897, (21) 2705-7850, (21) 98669-2172"
https://dodolnylauw55.business.site/,"Gang SPG No.55
RT.001/RW.002
Karang Sari
Kecamatan Neglasari
Kota Tangerang
Banten 15121
Indonesia","+62-816-1869-828, 0816-1869-828"
https://freshcosweets.business.site/,"1043-C Mumtazabad Market Road
Multan, 60000
Pakistan","+92-311-1777145, 0311 1777145"
https://casadecambiopagoexpres.business.site/,"C1114AAR
Presidente José Evaristo Uriburu 1627
Buenos Aires
Argentina","+54-11-3629-3607, 011 3629-3607"
https://tocburguer.business.site/,"Plaza Pío XII, 6
30500 Molina de Segura
Murcia
España","+34-968-64-01-67, 968 64 01 67"
https://13kampas.business.site/,"Marijonų gatvė 13
35133 Panevėžys
Lietuva","+370-669-99913, (8-669) 99913"
https://abcbazaar.business.site/,"59 Polack Avenue
Newclare
Johannesburg
2093
South Africa","+27-11-477-8623, 011 477 8623"
https://pizzaphonemortsel.business.site/,"Septestraat 21
2640 Mortsel
België","+32-3-449-40-40, 03 449 40 40"
https://girimedicalstore.business.site/,"Shop No.8, Sahjeevan Cooperative Housing Society Limited
Lower Parel
Mumbai, Maharashtra 400030
India","+91-96191-13005, 096191 13005, 022 2432 0006"
https://hospitaldotenisfradique.business.site/,"Rua Artur de Azevedo, 2000 - Pinheiros
São Paulo - SP
05404-005
Brasil","+55-11-3898-1539, (11) 3898-1539, (11) 3062-1679, (11) 97047-0429"
https://gugapark.business.site/,"Lagoa dos bois
Santo Antônio - RN
59255-000
Brasil","+55-84-99666-6739, (84) 99666-6739, (84) 99696-7500"
https://restoranfooniks.business.site/,"Ringi 37
Pärnu
80012
Eesti","+372-447-4000, 447 4000"
https://tonkatsuakinai.business.site/,"98-G-43, Prima Tanjung
Jalan Fettes
Kampung Belachan
11200 Tanjung Tokong
Pulau Pinang
马来西亚",https://www.google.com/maps/dir//Tonkatsu+Akinai/data=!4m8!4m7!1m0!1m5!1m1!1s0x304ac3946756715d:0x4f92714cb2bf95d9!2m2!1d100.30421969999999!2d5.4508999
https://sandelis.business.site/,"Muziejaus gatvė 8
44279 Kaunas
Lietuva","+370-638-18549, (8-638) 18549"
https://jeanparisperfumes.business.site/,"Sahara centre
Sharjah
United Arab Emirates","+971-56-602-4000, 056 602 4000"
https://dektoycom.business.site/,"จักรเพชร
แขวง วังบูรพาภิรมย์ เขต พระนคร
กรุงเทพมหานคร 10200
ประเทศไทย","+66-86-378-2951, 086 378 2951, 083 853 4999"
https://fuscaobranco.business.site/,"Avenida Nilo Peçanha, 542 - Centro
Nova Iguaçu - RJ
26215-012
Brasil","+55-21-2767-2705, (21) 2767-2705"
https://newfulwoodchinesetakeaway.business.site/,"32 Hardcastle Road
Fulwood
Preston
PR2 3DP
英国","+44-1772-774638, 01772 774638, 01772 233068"
https://carnis.business.site/,"Jalan Raya Panjang Jiwo Permai No.2B
Panjang Jiwo
Tenggilis Mejoyo
Kota Surabaya
Jawa Timur 60299
Indonesia","+62-811-3420-020, 0811-3420-020, (031) 99843263"
https://goodchoicetakeaway.business.site/,"Linley
High Street
Porton
Salisbury
SP4 0LH
英国","+44-1980-619288, 01980 619288"
https://toniskebaphouse.business.site/,"Weseler Straße 29
46487 Wesel
Deutschland","+49-2803-8046015, 02803 8046015, 02803 8046016"
https://tirolerstubn.business.site/,"Kohlberg 4
58809 Neuenrade
Deutschland","+49-160-2563806, 0160 2563806"
https://sensiv.business.site/,"14 Jamal Khan Road
Chittagong 4000
Bangladesh",https://www.google.com/maps/dir//Sensiv+Pvt.+Ltd.+-+%E0%A6%B8%E0%A7%87%E0%A6%A8%E0%A6%B8%E0%A6%BF%E0%A6%AD+%E0%A6%AA%E0%A7%8D%E0%A6%B0%E0%A6%BE%E0%A6%87%E0%A6%AD%E0%A7%87%E0%A6%9F+%E0%A6%B2%E0%A6%BF%E0%A6%AE%E0%A6%BF%E0%A6%9F%E0%A7%87%E0%A6%A1/data=!4m8!4m7!1m0!1m5!1m1!1s0x30ad275fcfa66bd5:0x339ae4c6a4eefcd7!2m2!1d91.8339798!2d22.3464442
https://ej16327.business.site/,"موقف‎
إمتداد أحمد حلمي‎
مصر‎","+20-11-01016327, 011 01016327"
https://damasq.business.site/,"1st Floor, Vasudev Planetarium
Kanakia Mira Road
near Laxmi Park
opp. Jangid Complex
Mira Road East
Mumbai, Maharashtra 401105
India","+91-79000-73012, 079000 73012"
https://reduxjapanese.business.site/,"Calle de Andres Mellado, 80
28015 Madrid
西班牙","+34-910-17-24-90, 910 17 24 90, 605 53 28 92"
https://61financial.business.site/,"Suite 19/40-42 Montclair Avenue
Glen Waverley VIC 3150
澳大利亚","+61-432-555-561, 0432 555 561"
https://lasretamasdedonleoncioydonagume.business.site/,"Km. 40 Carretera Lima
Quives
Perú","+51-945-446-735, 945 446 735, (01) 4873115"
https://lotushouse.business.site/,,"+44-1905-358888, 01905 358888"
https://empireseafoodrestaurant.business.site/,"A1, Lorong Tun Ismail 10
Sri Dagangan Bussiness Centre
25000 Kuantan
Pahang
马来西亚","+60-9-515-9248, 09-515 9248, 09-514 8686"
https://blacktattoostudio.business.site/,"Avenida Benjamin Constant, 3557 - São Vicente
Boa Vista - RR
69303-467
Brasil","+55-95-98102-4133, (95) 98102-4133, (95) 99135-4133"
https://balnearioeleden.business.site/,"Avenida Ramognino
S6009 Teodelina
Santa Fe
Argentina","+54-3462-56-2148, 03462 56-2148"
https://sichuanrestaurang.business.site/,"Andersvägen 1
169 69 Solna
瑞典","+46-76-269-32-77, 076-269 32 77"
https://alshifapolyclinic.business.site/,"شارع مشعاب،‎
Al Khobar 31952
Saudi Arabia","+966-13-894-8532, 013 894 8532"
https://labrasarotisseriegrill.business.site/,"3401 Hiatus Road
Sunrise, FL 33351
USA","https://www.google.com/maps/dir//La+Brasa+Grill+Sawgrass/data=!4m8!4m7!1m0!1m5!1m1!1s0x88d908b8d7d78e0d:0xd146d3d1cb118b42!2m2!1d-80.29624539999999!2d26.1684456, (954) 990-5372, (954) 990-5449"
https://jcfootrelaxing.business.site/,"100 Lansdale Avenue Unit G
Milford, CT 06460
USA","+1-203-283-7996, (203) 283-7996"
https://lalagardencafe.business.site/,"Poinsettia Avenue, PCS-35560
Golden Dragon Village
Angeles
2009 Pampanga
Philippines","+63-919-071-1014, 0919 071 1014"
